{
  "project_info": {
    "project_number": "213030446716",
    "project_id": "matrimonial-application-8efd5",
    "storage_bucket": "matrimonial-application-8efd5.appspot.com"
  },
  "client": [
    {
      "client_info": {
        "mobilesdk_app_id": "1:213030446716:android:471ed0dd46b733d69dcbf9",
        "android_client_info": {
          "package_name": "com.example.matrimonialapplication"
        }
      },
      "oauth_client": [
        {
          "client_id": "213030446716-ndeo0adhm4ji46e0rc1v6j6seai3o9bm.apps.googleusercontent.com",
          "client_type": 3
        }
      ],
      "api_key": [
        {
          "current_key": "AIzaSyDyjwzgqTrS87zLnm7TUckNrE6VLRpCnJg"
        }
      ],
      "services": {
        "appinvite_service": {
          "other_platform_oauth_client": [
            {
              "client_id": "213030446716-ndeo0adhm4ji46e0rc1v6j6seai3o9bm.apps.googleusercontent.com",
              "client_type": 3
            }
          ]
        }
      }
    }
  ],
  "configuration_version": "1"
}